"name","reason"
"ClientResult","The results a client returns; no message carries them - a client answers only requests, and schema.ts declares no ServerRequest, so no party sends a client-to-server response."
"JSONRPCMessage","The wire's generic vocabulary - any JSON-RPC message is one of these - which the protocol's root does not admit: a message that is none of the typed ones is refused (an unknown method, another protocol version). Held as a definition for the witness; the typed messages compose over the house headers, not over it."
"JSONRPCResponse","The wire's generic vocabulary - any JSON-RPC message is one of these - which the protocol's root does not admit: a message that is none of the typed ones is refused (an unknown method, another protocol version). Held as a definition for the witness; the typed messages compose over the house headers, not over it."
"JSONRPCRequest","The wire's generic vocabulary - any JSON-RPC message is one of these - which the protocol's root does not admit: a message that is none of the typed ones is refused (an unknown method, another protocol version). Held as a definition for the witness; the typed messages compose over the house headers, not over it."
"JSONRPCNotification","The wire's generic vocabulary - any JSON-RPC message is one of these - which the protocol's root does not admit: a message that is none of the typed ones is refused (an unknown method, another protocol version). Held as a definition for the witness; the typed messages compose over the house headers, not over it."
"JSONRPCResultResponse","The wire's generic vocabulary - any JSON-RPC message is one of these - which the protocol's root does not admit: a message that is none of the typed ones is refused (an unknown method, another protocol version). Held as a definition for the witness; the typed messages compose over the house headers, not over it."
"JSONRPCErrorResponse","The wire's generic vocabulary - any JSON-RPC message is one of these - which the protocol's root does not admit: a message that is none of the typed ones is refused (an unknown method, another protocol version). Held as a definition for the witness; the typed messages compose over the house headers, not over it."
"Request","The wire's generic vocabulary - any JSON-RPC message is one of these - which the protocol's root does not admit: a message that is none of the typed ones is refused (an unknown method, another protocol version). Held as a definition for the witness; the typed messages compose over the house headers, not over it."
"Notification","The wire's generic vocabulary - any JSON-RPC message is one of these - which the protocol's root does not admit: a message that is none of the typed ones is refused (an unknown method, another protocol version). Held as a definition for the witness; the typed messages compose over the house headers, not over it."
